Mean Exact Match,Mean F1 Score,Mean Recall,Mean Precision
0.08333333333333333,0.3324801411918672,0.8763468013468014,0.24146019628325108
