Mean Exact Match,Mean F1 Score,Mean Recall,Mean Precision
0.6833333333333333,0.8093650793650794,0.8309764309764309,0.8105054302422724
